nom_equipe,employee_count,avg_tenure,alert_count,alerts_per_employee
Équipe Administrative,18,5.022222222222222,27,1.5
Équipe Informatique,9,4.5,20,2.2222222222222223
Équipe Logistique,16,5.85,34,2.125
Équipe Maintenance,15,5.359999999999999,31,2.066666666666667
Équipe Production,18,5.377777777777777,30,1.6666666666666667
Équipe Qualité,13,5.461538461538462,21,1.6153846153846154
Équipe R&D,17,6.570588235294117,37,2.176470588235294
